npi,provider_type,state,entity_code,anomaly_score_raw,isolation_forest_anomaly_flag,risk_score_0_100,risk_category,lof_anomaly_flag,lof_score,leie_excluded_match,risk_reasons
1003053851,Internal Medicine,CA,I,0.21199473302231253,1,100.0,Critical,0,1.507493696092008,0,unusually high total Medicare payment received (z=4816.9 vs. population median); unusually high total submitted charges (z=1592.5 vs. population median); unusually high 5-year average total payment (z=1289.5 vs. population median); unusually high multi-year payment trend (z=611.3 vs. population median); unusually high total services billed (z=287.2 vs. population median)
1003133984,Nurse Practitioner,CA,I,0.18244062250365511,1,92.89,Critical,0,1.1153762036076957,0,unusually high total Medicare payment received (z=479.2 vs. population median); unusually high 5-year average total payment (z=309.6 vs. population median); unusually high total submitted charges (z=194.2 vs. population median); unusually high services-per-beneficiary deviation from specialty peers (z=95.4 vs. population median); unusually high services per beneficiary (z=74.7 vs. population median)
1003133901,Dermatology,KY,I,0.1564175616364436,1,86.63,Critical,0,1.469275621178993,0,unusually high total Medicare payment received (z=416.7 vs. population median); unusually high 5-year average total payment (z=339.3 vs. population median); unusually high total submitted charges (z=143.8 vs. population median); unusually high payment-per-service deviation from specialty peers (z=34.7 vs. population median); unusually high payment per service (z=32.3 vs. population median)
1003002205,Certified Registered Nurse Anesthetist (CRNA),TX,I,0.15276485943319196,1,85.75,Critical,1,1.7986030514687996,0,unusually high services-per-beneficiary deviation from specialty peers (z=6628.7 vs. population median); unusually high year-over-year payment change (z=781.0 vs. population median); unusually high multi-year payment trend (z=362.9 vs. population median); unusually high year-over-year payment-per-service change (z=203.5 vs. population median); unusually high services per beneficiary (z=87.5 vs. population median)
1003086448,Rheumatology,MD,I,0.14861293363095585,1,84.76,Critical,0,1.0925477382189475,0,unusually high drug-payment-share deviation from specialty peers (z=1104.0 vs. population median); unusually high total services billed (z=285.5 vs. population median); unusually high 5-year average total services (z=120.4 vs. population median); unusually high total Medicare payment received (z=66.2 vs. population median); unusually high total submitted charges (z=57.8 vs. population median)
1003128703,Hematology-Oncology,FL,I,0.14042703812231772,1,82.79,Critical,0,1.059324022829705,0,unusually high 5-year average total services (z=565.7 vs. population median); unusually high total services billed (z=296.3 vs. population median); unusually high 5-year average total payment (z=98.2 vs. population median); unusually high 5-year average services per beneficiary (z=96.9 vs. population median); unusually high services per beneficiary (z=76.4 vs. population median)
1003109075,Rheumatology,MI,I,0.1336063033250663,1,81.15,Critical,0,1.016010420192311,0,unusually high drug-payment-share deviation from specialty peers (z=1185.5 vs. population median); unusually high services per beneficiary (z=170.5 vs. population median); unusually high total services billed (z=121.7 vs. population median); unusually high 5-year average services per beneficiary (z=89.4 vs. population median); unusually high services-per-beneficiary deviation from specialty peers (z=75.0 vs. population median)
1003031212,Hematology-Oncology,FL,I,0.12817095754790864,1,79.84,Critical,0,1.0372687420372273,0,unusually high 5-year average total services (z=675.4 vs. population median); unusually high total services billed (z=538.4 vs. population median); unusually high 5-year average total payment (z=114.8 vs. population median); unusually high services per beneficiary (z=107.1 vs. population median); unusually high services per billing code (z=88.9 vs. population median)
1003036997,Orthopedic Surgery,MO,I,0.12573906632060272,1,79.25,Critical,0,1.0292887282086023,0,unusually high drug-payment-share deviation from specialty peers (z=268.3 vs. population median); unusually high services per beneficiary (z=141.5 vs. population median); unusually high 5-year average services per beneficiary (z=132.6 vs. population median); unusually high total services billed (z=86.8 vs. population median); unusually high 5-year average total services (z=77.7 vs. population median)
1003079997,Hematology-Oncology,IA,I,0.12061095645947306,1,78.02,Critical,0,1.0304996379552764,0,unusually high total services billed (z=154.6 vs. population median); unusually high 5-year average total services (z=140.1 vs. population median); unusually high services per beneficiary (z=98.9 vs. population median); unusually high 5-year average services per beneficiary (z=97.3 vs. population median); unusually high total Medicare payment received (z=52.5 vs. population median)
1003028556,Neurology,CA,I,0.1191428351609286,1,77.67,Critical,0,1.0397360236220456,0,unusually high total services billed (z=229.0 vs. population median); unusually high 5-year average total services (z=129.1 vs. population median); unusually high services-per-beneficiary deviation from specialty peers (z=124.9 vs. population median); unusually high services per beneficiary (z=92.5 vs. population median); unusually high services per billing code (z=74.1 vs. population median)
1003133612,Ophthalmology,NY,I,0.11726708448261947,1,77.22,Critical,0,1.124603242239545,0,unusually high total Medicare payment received (z=79.1 vs. population median); unusually high total submitted charges (z=75.3 vs. population median); unusually high 5-year average total payment (z=71.0 vs. population median); unusually high total services billed (z=70.8 vs. population median); unusually high 5-year average total services (z=50.7 vs. population median)
1003104381,Ambulance Service Provider,FL,O,0.11099303308035124,1,75.71,Critical,0,1.369744892269002,0,unusually high total submitted charges (z=242.9 vs. population median); unusually high services per billing code (z=115.8 vs. population median); unusually high total Medicare payment received (z=59.6 vs. population median); unusually high 5-year average total payment (z=58.9 vs. population median); unusually high charge-per-service deviation from specialty peers (z=40.6 vs. population median)
1003058157,Neurology,NM,I,0.11040140977865809,1,75.56,Critical,0,1.016308505112691,0,unusually high services-per-beneficiary deviation from specialty peers (z=294.3 vs. population median); unusually high services per beneficiary (z=218.0 vs. population median); unusually high 5-year average services per beneficiary (z=191.9 vs. population median); unusually high total services billed (z=175.2 vs. population median); unusually high 5-year average total services (z=146.3 vs. population median)
1003016916,Ophthalmology,MI,I,0.10956923968312626,1,75.36,Critical,0,1.0655018744802676,0,unusually high 5-year average total payment (z=90.0 vs. population median); unusually high total Medicare payment received (z=87.3 vs. population median); unusually high total services billed (z=76.2 vs. population median); unusually high services-per-beneficiary deviation from specialty peers (z=60.2 vs. population median); unusually high 5-year average total services (z=45.9 vs. population median)
1003099813,Medical Oncology,TX,I,0.10297939003534973,1,73.78,High,0,1.0183868103711828,0,unusually high total services billed (z=133.3 vs. population median); unusually high services-per-beneficiary deviation from specialty peers (z=132.4 vs. population median); unusually high 5-year average total services (z=128.3 vs. population median); unusually high services per beneficiary (z=112.5 vs. population median); unusually high 5-year average services per beneficiary (z=106.6 vs. population median)
1003143801,Internal Medicine,IL,I,0.10287961388996059,1,73.76,High,0,1.0178636167503954,0,unusually high services-per-beneficiary deviation from specialty peers (z=326.6 vs. population median); unusually high services per beneficiary (z=281.2 vs. population median); unusually high 5-year average services per beneficiary (z=257.4 vs. population median); unusually high services per billing code (z=70.0 vs. population median); unusually high 5-year average total services (z=49.3 vs. population median)
1003013848,Diagnostic Radiology,FL,I,0.09865461019014543,1,72.74,High,0,1.0893768086088524,0,unusually high services-per-beneficiary deviation from specialty peers (z=215.8 vs. population median); unusually high total services billed (z=149.7 vs. population median); unusually high 5-year average total services (z=70.5 vs. population median); unusually high services per beneficiary (z=46.7 vs. population median); unusually high total submitted charges (z=36.7 vs. population median)
1003013616,Neurology,SC,I,0.09677684391726116,1,72.29,High,0,1.0162530766175544,0,unusually high services-per-beneficiary deviation from specialty peers (z=213.3 vs. population median); unusually high services per beneficiary (z=158.0 vs. population median); unusually high total services billed (z=152.9 vs. population median); unusually high 5-year average services per beneficiary (z=144.6 vs. population median); unusually high 5-year average total services (z=99.3 vs. population median)
1003019019,Ophthalmology,MO,I,0.09553755639742523,1,71.99,High,0,1.2406048479883345,0,unusually high 5-year average total payment (z=62.1 vs. population median); unusually high total Medicare payment received (z=58.9 vs. population median); unusually high total services billed (z=48.1 vs. population median); unusually high services-per-beneficiary deviation from specialty peers (z=43.4 vs. population median); unusually high 5-year average total services (z=27.1 vs. population median)
1003058546,Urology,MN,I,0.09054410510608246,1,70.79,High,0,1.066164189349862,0,unusually high total services billed (z=157.4 vs. population median); unusually high 5-year average total services (z=115.9 vs. population median); unusually high services-per-beneficiary deviation from specialty peers (z=43.6 vs. population median); unusually high services per billing code (z=30.7 vs. population median); unusually high total beneficiaries served (z=29.3 vs. population median)
1003151671,Independent Diagnostic Testing Facility (IDTF),AL,O,0.09046163581781497,1,70.77,High,0,1.2220864322038592,0,unusually high 5-year average total services (z=160.6 vs. population median); unusually high total services billed (z=159.8 vs. population median); unusually high services per beneficiary (z=34.9 vs. population median); unusually high 5-year average services per beneficiary (z=31.9 vs. population median); unusually high total submitted charges (z=31.6 vs. population median)
1003106824,Ophthalmology,IN,I,0.08660504227171428,1,69.84,High,0,1.283713831307384,0,unusually high total Medicare payment received (z=107.4 vs. population median); unusually high 5-year average total payment (z=80.1 vs. population median); unusually high total submitted charges (z=59.4 vs. population median); unusually high total services billed (z=44.9 vs. population median); unusually high 5-year average total services (z=27.7 vs. population median)
1003090093,Diagnostic Radiology,NY,I,0.08543233297942443,1,69.56,High,0,1.0215783672651477,0,unusually high services-per-beneficiary deviation from specialty peers (z=193.8 vs. population median); unusually high 5-year average total services (z=147.7 vs. population median); unusually high total services billed (z=140.5 vs. population median); unusually high services per billing code (z=59.0 vs. population median); unusually high services per beneficiary (z=41.9 vs. population median)
1003105677,Ophthalmology,MD,I,0.08230726403152022,1,68.81,High,0,1.182358617370799,0,unusually high total Medicare payment received (z=89.2 vs. population median); unusually high total submitted charges (z=54.5 vs. population median); unusually high 5-year average total payment (z=53.0 vs. population median); unusually high total services billed (z=51.8 vs. population median); unusually high services-per-beneficiary deviation from specialty peers (z=29.7 vs. population median)
1003115536,Physical Medicine and Rehabilitation,MO,I,0.07931123308748622,1,68.09,High,0,1.0258774164329054,0,unusually high services per beneficiary (z=148.5 vs. population median); unusually high 5-year average services per beneficiary (z=87.3 vs. population median); unusually high total services billed (z=78.6 vs. population median); unusually high 5-year average total services (z=53.9 vs. population median); unusually high services per billing code (z=47.1 vs. population median)
1003078973,Gastroenterology,AZ,I,0.0780129776212466,1,67.77,High,0,1.0810852609112702,0,unusually high services-per-beneficiary deviation from specialty peers (z=168.6 vs. population median); unusually high total services billed (z=36.0 vs. population median); unusually high multi-year service-volume trend (z=35.9 vs. population median); unusually high services per beneficiary (z=33.4 vs. population median); unusually high 5-year average total services (z=30.7 vs. population median)
1003077389,Neurology,IL,I,0.0778662688426186,1,67.74,High,0,1.0182645567928943,0,unusually high services-per-beneficiary deviation from specialty peers (z=86.5 vs. population median); unusually high services per beneficiary (z=64.1 vs. population median); unusually high total services billed (z=55.7 vs. population median); unusually high 5-year average services per beneficiary (z=49.9 vs. population median); unusually high 5-year average total services (z=43.2 vs. population median)
1003002312,Rheumatology,MA,I,0.07785910802065132,1,67.74,High,1,1.6800988359306182,0,unusually high drug-payment-share deviation from specialty peers (z=849.8 vs. population median); unusually high 5-year average services per beneficiary (z=106.6 vs. population median); unusually high 5-year average total services (z=103.0 vs. population median); unusually high services per beneficiary (z=31.3 vs. population median); unusually high 5-year average total payment (z=26.5 vs. population median)
1003134503,Neurology,MD,I,0.07521847710038876,1,67.1,High,0,1.5366055565695522,0,unusually high year-over-year service volume change (z=122.3 vs. population median); unusually high services-per-beneficiary deviation from specialty peers (z=78.5 vs. population median); unusually high multi-year service-volume trend (z=60.9 vs. population median); unusually high services per beneficiary (z=58.2 vs. population median); unusually high 5-year average services per beneficiary (z=26.2 vs. population median)
1003077322,Family Practice,NY,I,0.07425537101698954,1,66.87,High,1,2.3652472747940747,0,unusually high multi-year service-volume trend (z=559.2 vs. population median); unusually high 5-year average total services (z=483.7 vs. population median); unusually high multi-year payment trend (z=290.7 vs. population median); unusually high 5-year average total payment (z=143.2 vs. population median); unusually high total services billed (z=58.7 vs. population median)
1003146283,Physician Assistant,AL,I,0.07167486259557054,1,66.25,High,0,1.0318241438296283,0,unusually high services-per-beneficiary deviation from specialty peers (z=104.3 vs. population median); unusually high services per beneficiary (z=62.3 vs. population median); unusually high 5-year average services per beneficiary (z=56.9 vs. population median); unusually high 5-year average total services (z=25.1 vs. population median); unusually high total services billed (z=25.0 vs. population median)
1003072786,Ophthalmology,CA,I,0.06971013993545228,1,65.78,High,0,1.044006921757898,0,unusually high services-per-beneficiary deviation from specialty peers (z=111.0 vs. population median); unusually high services per beneficiary (z=53.6 vs. population median); unusually high total services billed (z=36.3 vs. population median); unusually high services per billing code (z=30.4 vs. population median); unusually high total Medicare payment received (z=21.8 vs. population median)
1003013830,Diagnostic Radiology,CO,I,0.06910952687538785,1,65.63,High,0,1.1751773073163863,0,unusually high services-per-beneficiary deviation from specialty peers (z=520.4 vs. population median); unusually high 5-year average services per beneficiary (z=161.7 vs. population median); unusually high services per beneficiary (z=113.9 vs. population median); unusually high services per billing code (z=13.7 vs. population median); unusually low year-over-year payment-per-service change (z=-13.2 vs. population median)
1003153537,Ambulance Service Provider,FL,O,0.06418858495618018,1,64.45,High,1,1.6546422608394782,0,unusually high services per beneficiary (z=55.1 vs. population median); unusually high 5-year average services per beneficiary (z=50.3 vs. population median); unusually high total submitted charges (z=33.6 vs. population median); unusually high charge-per-service deviation from specialty peers (z=25.4 vs. population median); unusually high services per billing code (z=24.5 vs. population median)
1003078031,Neurology,NY,I,0.06416235779864199,1,64.44,High,0,1.0353329801461377,0,unusually high services-per-beneficiary deviation from specialty peers (z=107.4 vs. population median); unusually high 5-year average services per beneficiary (z=83.8 vs. population median); unusually high services per beneficiary (z=79.6 vs. population median); unusually high 5-year average total services (z=29.1 vs. population median); unusually high services per billing code (z=20.3 vs. population median)
1003008533,Neurology,FL,I,0.06371620164069214,1,64.34,High,0,1.0217562307921368,0,unusually high total services billed (z=77.0 vs. population median); unusually high services-per-beneficiary deviation from specialty peers (z=74.2 vs. population median); unusually high services per beneficiary (z=55.0 vs. population median); unusually high 5-year average total services (z=54.8 vs. population median); unusually high 5-year average services per beneficiary (z=38.3 vs. population median)
1003024191,Diagnostic Radiology,CA,I,0.0634437593894609,1,64.27,High,0,1.0771183695215145,0,unusually high services-per-beneficiary deviation from specialty peers (z=101.6 vs. population median); unusually high 5-year average total services (z=88.8 vs. population median); unusually high total services billed (z=73.6 vs. population median); unusually high total submitted charges (z=33.4 vs. population median); unusually high total Medicare payment received (z=27.1 vs. population median)
1003001371,Physical Medicine and Rehabilitation,NY,I,0.0631411705033621,1,64.2,High,0,1.1158116861649172,0,unusually high services per beneficiary (z=167.2 vs. population median); unusually high 5-year average services per beneficiary (z=130.0 vs. population median); unusually high services-per-beneficiary deviation from specialty peers (z=50.0 vs. population median); unusually high services per billing code (z=29.7 vs. population median); unusually high total services billed (z=24.4 vs. population median)
1003081985,Cardiology,NY,I,0.06305929569632174,1,64.18,High,0,1.5235525359016173,0,unusually high year-over-year payment-per-service change (z=73.1 vs. population median); unusually high total Medicare payment received (z=65.6 vs. population median); unusually high total submitted charges (z=59.3 vs. population median); unusually high 5-year average total payment (z=53.7 vs. population median); unusually high 5-year average total services (z=25.5 vs. population median)
1003050535,Physical Medicine and Rehabilitation,PA,I,0.06259535936217475,1,64.07,High,1,1.9240398219186354,0,unusually high total services billed (z=65.0 vs. population median); unusually high multi-year service-volume trend (z=47.2 vs. population median); unusually high year-over-year service volume change (z=42.1 vs. population median); unusually high services per beneficiary (z=30.5 vs. population median); unusually high total submitted charges (z=24.2 vs. population median)
1003041757,Orthopedic Surgery,NY,I,0.05996539073012708,1,63.43,High,0,1.1758071405502364,0,unusually high drug-payment-share deviation from specialty peers (z=94.5 vs. population median); unusually high services per beneficiary (z=87.4 vs. population median); unusually high total services billed (z=60.7 vs. population median); unusually high 5-year average services per beneficiary (z=46.5 vs. population median); unusually high services-per-beneficiary deviation from specialty peers (z=34.1 vs. population median)
1003101692,Physician Assistant,MI,I,0.0576040883649801,1,62.87,High,0,1.3593373639523354,0,unusually high services-per-beneficiary deviation from specialty peers (z=135.6 vs. population median); unusually high services per beneficiary (z=81.1 vs. population median); unusually high multi-year service-volume trend (z=50.3 vs. population median); unusually high 5-year average services per beneficiary (z=21.3 vs. population median); unusually high year-over-year service volume change (z=19.9 vs. population median)
1003080243,Internal Medicine,CA,I,0.05573199069364132,1,62.41,High,0,1.1058631530177572,0,unusually high year-over-year payment change (z=93.8 vs. population median); unusually high year-over-year beneficiary count change (z=29.3 vs. population median); unusually high year-over-year payment-per-service change (z=27.8 vs. population median); unusually high year-over-year service volume change (z=27.7 vs. population median); unusually high multi-year service-volume trend (z=13.8 vs. population median)
1003077447,Ambulance Service Provider,OK,O,0.053526966245012075,1,61.88,High,0,1.5244492120639346,0,unusually high 5-year average services per beneficiary (z=75.9 vs. population median); unusually high services per beneficiary (z=74.9 vs. population median); unusually high total submitted charges (z=24.1 vs. population median); unusually high charge-per-service deviation from specialty peers (z=22.0 vs. population median); unusually high services per billing code (z=20.1 vs. population median)
1003074006,Family Practice,PA,I,0.05269814190946298,1,61.69,High,0,1.4511742453962202,0,unusually high multi-year payment trend (z=606.5 vs. population median); unusually high year-over-year payment change (z=196.3 vs. population median); unusually high year-over-year service volume change (z=127.6 vs. population median); unusually high year-over-year beneficiary count change (z=104.8 vs. population median); unusually high multi-year service-volume trend (z=93.1 vs. population median)
1003101429,Hematology-Oncology,MI,I,0.05040310218491295,1,61.13,High,0,1.2694968488145657,0,unusually high 5-year average total services (z=63.5 vs. population median); unusually high total services billed (z=61.6 vs. population median); unusually high 5-year average services per beneficiary (z=25.1 vs. population median); unusually high services per beneficiary (z=23.2 vs. population median); unusually high total Medicare payment received (z=15.3 vs. population median)
1003135864,Nurse Practitioner,IN,I,0.045367719246030336,1,59.92,High,0,1.3970918432832593,0,unusually high total Medicare payment received (z=27.0 vs. population median); unusually high 5-year average total payment (z=26.1 vs. population median); unusually high total submitted charges (z=13.2 vs. population median); unusually high payment-per-service deviation from specialty peers (z=8.5 vs. population median); unusually high total services billed (z=8.4 vs. population median)
1003006180,Ambulance Service Provider,NV,O,0.04455533016658508,1,59.73,High,0,1.162185485007196,0,unusually high 5-year average total services (z=132.5 vs. population median); unusually high 5-year average total payment (z=110.5 vs. population median); unusually high services per billing code (z=96.2 vs. population median); unusually high total services billed (z=78.8 vs. population median); unusually high total Medicare payment received (z=68.1 vs. population median)
1003113010,Independent Diagnostic Testing Facility (IDTF),AZ,O,0.04399912689162,1,59.59,High,0,1.2711070469590786,0,unusually high total services billed (z=111.2 vs. population median); unusually high 5-year average total services (z=83.6 vs. population median); unusually high services per beneficiary (z=30.0 vs. population median); unusually high 5-year average services per beneficiary (z=19.3 vs. population median); unusually high total beneficiaries served (z=15.7 vs. population median)
1003125568,Ambulance Service Provider,VA,O,0.041677090665720784,1,59.03,High,0,1.1419431976823875,0,unusually high services per billing code (z=242.2 vs. population median); unusually high 5-year average total services (z=164.7 vs. population median); unusually high total services billed (z=141.2 vs. population median); unusually high 5-year average total payment (z=45.4 vs. population median); unusually high total Medicare payment received (z=43.8 vs. population median)
1003142530,Interventional Cardiology,NJ,I,0.041053581101852754,1,58.88,High,0,1.4689992865590296,0,unusually high total submitted charges (z=40.2 vs. population median); unusually high total Medicare payment received (z=40.1 vs. population median); unusually high 5-year average total payment (z=38.9 vs. population median); unusually high services-per-beneficiary deviation from specialty peers (z=25.6 vs. population median); unusually high 5-year average total services (z=10.5 vs. population median)
1003122052,Physical Therapist in Private Practice,CA,I,0.04077508102447236,1,58.82,High,0,1.4432627356323737,0,unusually high year-over-year service volume change (z=96.8 vs. population median); unusually high year-over-year payment change (z=92.1 vs. population median); unusually high year-over-year beneficiary count change (z=52.7 vs. population median); unusually high multi-year service-volume trend (z=48.3 vs. population median); unusually high multi-year payment trend (z=42.8 vs. population median)
1003150004,Opioid Treatment Program,WI,O,0.039923473602282544,1,58.61,High,0,1.4865342445212113,0,unusually high services per beneficiary (z=98.9 vs. population median); unusually high 5-year average services per beneficiary (z=90.5 vs. population median); unusually high services per billing code (z=15.5 vs. population median); unusually high payment-to-charge ratio (z=7.3 vs. population median); unusually high 5-year average payment per service (z=7.2 vs. population median)
1003138074,Mass Immunizer Roster Biller,TX,O,0.03796495580004655,1,58.14,High,0,1.3694113044881044,0,unusually high service-concentration deviation from specialty peers (z=12.6 vs. population median); unusually high payment-to-charge ratio (z=7.9 vs. population median); unusually high 5-year average payment-to-charge ratio (z=7.5 vs. population median); unusually high allowed-to-charge ratio (z=5.1 vs. population median); unusually low charge-per-service deviation from specialty peers (z=-2.8 vs. population median)
1003119470,Ambulatory Surgical Center,UT,O,0.03775617706027545,1,58.09,High,1,1.8591490405516482,0,unusually high total submitted charges (z=128.2 vs. population median); unusually high total Medicare payment received (z=50.1 vs. population median); unusually high services-per-beneficiary deviation from specialty peers (z=38.8 vs. population median); unusually high 5-year average total payment (z=35.5 vs. population median); unusually high submitted charge per service (z=26.3 vs. population median)
1003007279,Physician Assistant,WA,I,0.03344531454405475,1,57.05,High,0,1.459850381031808,0,unusually high year-over-year payment change (z=529.5 vs. population median); unusually high year-over-year service volume change (z=335.9 vs. population median); unusually high multi-year payment trend (z=246.0 vs. population median); unusually high year-over-year beneficiary count change (z=205.6 vs. population median); unusually high multi-year service-volume trend (z=167.4 vs. population median)
1003094749,Orthopedic Surgery,AK,I,0.030999712370831545,1,56.47,High,1,1.7562489960342416,0,unusually high submitted charge per service (z=33.6 vs. population median); unusually high charge-per-service deviation from specialty peers (z=26.0 vs. population median); unusually high payment per service (z=12.5 vs. population median); unusually high payment-per-service deviation from specialty peers (z=10.9 vs. population median); unusually high year-over-year payment-per-service change (z=10.7 vs. population median)
1003034422,Mass Immunizer Roster Biller,MA,O,0.03077890005249284,1,56.41,High,0,1.4162346695927446,0,unusually high service-concentration deviation from specialty peers (z=12.5 vs. population median); unusually high payment-to-charge ratio (z=7.9 vs. population median); unusually high 5-year average payment-to-charge ratio (z=7.5 vs. population median); unusually high allowed-to-charge ratio (z=5.1 vs. population median); unusually low charge-per-service deviation from specialty peers (z=-3.5 vs. population median)
1003067513,Ambulance Service Provider,TX,O,0.03076184171136931,1,56.41,High,0,1.1553417874444967,0,unusually high services per billing code (z=106.4 vs. population median); unusually high services per beneficiary (z=69.3 vs. population median); unusually high total services billed (z=61.9 vs. population median); unusually high 5-year average total services (z=59.4 vs. population median); unusually high 5-year average services per beneficiary (z=53.8 vs. population median)
1003064833,Neurology,IL,I,0.03015231854152811,1,56.26,High,0,1.4524526712584742,0,unusually high multi-year service-volume trend (z=57.5 vs. population median); unusually high services-per-beneficiary deviation from specialty peers (z=50.0 vs. population median); unusually high services per beneficiary (z=37.1 vs. population median); unusually high total services billed (z=29.0 vs. population median); unusually high services per billing code (z=27.1 vs. population median)
1003131392,Centralized Flu,CA,O,0.02847637150483895,1,55.86,High,0,1.0921740658234838,0,unusually high year-over-year payment-per-service change (z=17.3 vs. population median); unusually high payment-to-charge ratio (z=7.7 vs. population median); unusually high 5-year average payment-to-charge ratio (z=6.7 vs. population median); unusually high allowed-to-charge ratio (z=5.0 vs. population median); unusually high payment-per-service deviation from specialty peers (z=3.6 vs. population median)
1003139502,Nurse Practitioner,TN,I,0.0278607900509239,1,55.71,High,0,1.389165292186546,0,unusually high services-per-beneficiary deviation from specialty peers (z=56.2 vs. population median); unusually high services per beneficiary (z=44.0 vs. population median); unusually high 5-year average services per beneficiary (z=40.2 vs. population median); unusually high services per billing code (z=22.2 vs. population median); unusually high total services billed (z=9.9 vs. population median)
1003136565,Urology,CA,I,0.02771100525884518,1,55.68,High,0,1.2506752458022437,0,unusually high total submitted charges (z=66.5 vs. population median); unusually high 5-year average total services (z=24.0 vs. population median); unusually high total services billed (z=23.9 vs. population median); unusually high total Medicare payment received (z=19.1 vs. population median); unusually high 5-year average total payment (z=18.5 vs. population median)
1003072950,Diagnostic Radiology,NY,I,0.026905318055239213,1,55.48,High,0,1.2931815538643137,0,unusually high total services billed (z=54.2 vs. population median); unusually high services-per-beneficiary deviation from specialty peers (z=39.5 vs. population median); unusually high 5-year average total services (z=37.0 vs. population median); unusually high total submitted charges (z=26.8 vs. population median); unusually high total beneficiaries served (z=22.6 vs. population median)
1003139163,Centralized Flu,CT,O,0.02532620451754497,1,55.1,High,0,1.4688608456094174,0,unusually low payment-to-charge-ratio deviation from specialty peers (z=-20.6 vs. population median); unusually high payment-to-charge ratio (z=6.8 vs. population median); unusually high 5-year average payment-to-charge ratio (z=6.5 vs. population median); unusually high allowed-to-charge ratio (z=4.3 vs. population median); unusually low drug-payment-share deviation from specialty peers (z=-3.9 vs. population median)
1003126806,Mass Immunizer Roster Biller,CA,O,0.025192996806266632,1,55.07,High,0,1.0829096168564996,0,unusually high year-over-year payment-per-service change (z=14.9 vs. population median); unusually high payment-to-charge ratio (z=7.9 vs. population median); unusually high 5-year average payment-to-charge ratio (z=7.5 vs. population median); unusually high multi-year payment trend (z=7.3 vs. population median); unusually high allowed-to-charge ratio (z=5.1 vs. population median)
1003074733,Orthopedic Surgery,SC,I,0.025020443504953027,1,55.03,High,1,1.6520047790515302,0,unusually high total services billed (z=40.1 vs. population median); unusually high services per beneficiary (z=38.7 vs. population median); unusually high year-over-year service volume change (z=26.6 vs. population median); unusually high multi-year service-volume trend (z=19.5 vs. population median); unusually high services per billing code (z=18.0 vs. population median)
1003098047,Ambulance Service Provider,TX,O,0.024365219663294746,1,54.87,High,0,1.2114474777858637,0,unusually high services per billing code (z=127.1 vs. population median); unusually high total services billed (z=74.0 vs. population median); unusually high 5-year average total services (z=71.5 vs. population median); unusually high 5-year average services per beneficiary (z=30.5 vs. population median); unusually high total submitted charges (z=27.2 vs. population median)
1003018086,Orthopedic Surgery,TX,I,0.024125917008409825,1,54.81,High,1,1.5988090970324689,0,unusually high year-over-year service volume change (z=61.3 vs. population median); unusually high services per beneficiary (z=27.6 vs. population median); unusually high multi-year service-volume trend (z=22.7 vs. population median); unusually high total services billed (z=16.4 vs. population median); unusually low year-over-year payment-per-service change (z=-13.7 vs. population median)
1003142084,Dermatology,FL,I,0.023420631466195885,1,54.64,High,0,1.2521732915455361,0,unusually high total submitted charges (z=38.8 vs. population median); unusually high total Medicare payment received (z=34.6 vs. population median); unusually high 5-year average total payment (z=33.5 vs. population median); unusually high charge-per-service deviation from specialty peers (z=26.9 vs. population median); unusually high payment-per-service deviation from specialty peers (z=13.2 vs. population median)
1003065665,Centralized Flu,AL,O,0.021254694491961712,1,54.12,High,0,1.162618643030752,0,unusually high payment-to-charge ratio (z=7.7 vs. population median); unusually high 5-year average payment-to-charge ratio (z=7.1 vs. population median); unusually high service-concentration deviation from specialty peers (z=6.2 vs. population median); unusually low payment-per-service deviation from specialty peers (z=-5.5 vs. population median); unusually low charge-per-service deviation from specialty peers (z=-5.2 vs. population median)
1003129107,Physician Assistant,FL,I,0.020689804559741787,1,53.99,High,0,1.1083472723452783,0,unusually high year-over-year beneficiary count change (z=119.8 vs. population median); unusually high year-over-year payment change (z=86.8 vs. population median); unusually high year-over-year service volume change (z=76.1 vs. population median); unusually high multi-year payment trend (z=29.1 vs. population median); unusually high multi-year service-volume trend (z=25.2 vs. population median)
1003057670,Diagnostic Radiology,OK,I,0.01966298741224415,1,53.74,High,0,1.204653153496237,0,unusually high year-over-year service volume change (z=88.4 vs. population median); unusually high year-over-year payment change (z=85.3 vs. population median); unusually high year-over-year beneficiary count change (z=83.2 vs. population median); unusually high multi-year service-volume trend (z=44.1 vs. population median); unusually high multi-year payment trend (z=39.6 vs. population median)
1003033838,Dermatology,TX,I,0.01963289469150098,1,53.73,High,0,1.1957049638571349,0,unusually high total Medicare payment received (z=42.0 vs. population median); unusually high 5-year average total payment (z=29.5 vs. population median); unusually high total submitted charges (z=21.8 vs. population median); unusually high payment-per-service deviation from specialty peers (z=17.6 vs. population median); unusually high payment per service (z=16.1 vs. population median)
1003043506,Orthopedic Surgery,MS,I,0.01905182891761903,1,53.59,High,1,1.6072094909810914,0,unusually high year-over-year service volume change (z=39.2 vs. population median); unusually high drug-payment-share deviation from specialty peers (z=36.5 vs. population median); unusually high services per beneficiary (z=31.1 vs. population median); unusually high total services billed (z=21.3 vs. population median); unusually low year-over-year payment-per-service change (z=-13.8 vs. population median)
1003145541,Mass Immunizer Roster Biller,TN,O,0.01894632789167139,1,53.57,High,0,1.2995144726444834,0,unusually high payment-to-charge ratio (z=7.8 vs. population median); unusually high 5-year average payment-to-charge ratio (z=7.5 vs. population median); unusually high allowed-to-charge ratio (z=5.1 vs. population median); unusually high standardized-amount-to-payment ratio (z=2.4 vs. population median); unusually low service-concentration deviation from specialty peers (z=-2.4 vs. population median)
1003103227,Mass Immunizer Roster Biller,VA,O,0.01669207157705377,1,53.02,High,0,1.1251782203827305,0,unusually high year-over-year payment-per-service change (z=37.7 vs. population median); unusually high payment-to-charge ratio (z=7.8 vs. population median); unusually high 5-year average payment-to-charge ratio (z=7.6 vs. population median); unusually high allowed-to-charge ratio (z=5.1 vs. population median); unusually low year-over-year service volume change (z=-4.8 vs. population median)
1003005059,Mass Immunizer Roster Biller,CT,O,0.016500082525809256,1,52.98,High,0,1.299374832545553,0,unusually high service-concentration deviation from specialty peers (z=12.5 vs. population median); unusually high payment-to-charge ratio (z=7.9 vs. population median); unusually high allowed-to-charge ratio (z=5.1 vs. population median); unusually high 5-year average payment-to-charge ratio (z=3.5 vs. population median); unusually low year-over-year beneficiary count change (z=-3.2 vs. population median)
1003098351,Orthopedic Surgery,DC,I,0.015189645419343867,1,52.66,High,0,1.351072538999241,0,unusually high 5-year average total payment (z=20.9 vs. population median); unusually high total Medicare payment received (z=19.3 vs. population median); unusually high total submitted charges (z=16.5 vs. population median); unusually high 5-year average payment per service (z=12.7 vs. population median); unusually high payment per service (z=11.9 vs. population median)
1003044322,Vascular Surgery,TX,I,0.014836263659941729,1,52.58,High,0,1.2714397893752312,0,unusually high 5-year average payment per service (z=43.5 vs. population median); unusually high payment per service (z=37.7 vs. population median); unusually high payment-per-service deviation from specialty peers (z=32.5 vs. population median); unusually high total Medicare payment received (z=28.4 vs. population median); unusually high 5-year average total payment (z=26.7 vs. population median)
1003055401,Diagnostic Radiology,CA,I,0.014783069729867093,1,52.57,High,0,1.038217744306722,0,unusually high services-per-beneficiary deviation from specialty peers (z=97.1 vs. population median); unusually high total services billed (z=51.3 vs. population median); unusually high 5-year average total services (z=40.5 vs. population median); unusually high services per beneficiary (z=20.6 vs. population median); unusually high 5-year average services per beneficiary (z=11.6 vs. population median)
1003156472,Ambulance Service Provider,PA,O,0.014721982543115741,1,52.55,High,0,1.2401396259456694,0,unusually high services per billing code (z=85.2 vs. population median); unusually high 5-year average total services (z=49.8 vs. population median); unusually high total services billed (z=49.5 vs. population median); unusually high total Medicare payment received (z=34.4 vs. population median); unusually high 5-year average total payment (z=33.3 vs. population median)
1003096496,Centralized Flu,IL,O,0.014627865074290258,1,52.53,High,0,1.1237204538567913,0,unusually high year-over-year payment-per-service change (z=18.1 vs. population median); unusually high payment-to-charge ratio (z=7.7 vs. population median); unusually high multi-year payment trend (z=6.7 vs. population median); unusually high 5-year average payment-to-charge ratio (z=5.9 vs. population median); unusually high allowed-to-charge ratio (z=5.0 vs. population median)
1003010208,Centralized Flu,FL,O,0.014035997621656748,1,52.39,High,0,1.0071453000583903,0,unusually high payment-to-charge ratio (z=7.7 vs. population median); unusually high 5-year average payment-to-charge ratio (z=7.2 vs. population median); unusually high year-over-year payment-per-service change (z=5.8 vs. population median); unusually high allowed-to-charge ratio (z=5.0 vs. population median); unusually high total beneficiaries served (z=4.7 vs. population median)
1003162868,Mass Immunizer Roster Biller,CA,O,0.013790002743350183,1,52.33,High,0,1.3103730529306843,0,unusually high payment-to-charge ratio (z=7.7 vs. population median); unusually high 5-year average payment-to-charge ratio (z=7.4 vs. population median); unusually high allowed-to-charge ratio (z=5.0 vs. population median); unusually low payment-to-charge-ratio deviation from specialty peers (z=-4.1 vs. population median); unusually high total beneficiaries served (z=2.0 vs. population median)
1003156142,Mass Immunizer Roster Biller,CO,O,0.013500814439435294,1,52.26,High,0,1.2495672330564849,0,unusually high payment-to-charge ratio (z=7.9 vs. population median); unusually high 5-year average payment-to-charge ratio (z=7.5 vs. population median); unusually high allowed-to-charge ratio (z=5.1 vs. population median); unusually high total beneficiaries served (z=3.2 vs. population median); unusually high drug-payment-share deviation from specialty peers (z=2.4 vs. population median)
1003004938,Mass Immunizer Roster Biller,ME,O,0.013376123587901412,1,52.23,High,0,1.164131409233566,0,unusually high year-over-year payment-per-service change (z=27.0 vs. population median); unusually high multi-year payment trend (z=9.4 vs. population median); unusually high payment-to-charge ratio (z=7.7 vs. population median); unusually high 5-year average payment-to-charge ratio (z=6.9 vs. population median); unusually low payment-to-charge-ratio deviation from specialty peers (z=-5.4 vs. population median)
1003051129,Pharmacy,SC,O,0.012105740155269995,1,51.92,High,0,1.0795050270115893,0,unusually high multi-year payment trend (z=84.0 vs. population median); unusually high multi-year service-volume trend (z=32.0 vs. population median); unusually high payment-to-charge ratio (z=7.2 vs. population median); unusually high 5-year average payment-to-charge ratio (z=5.0 vs. population median); unusually high allowed-to-charge ratio (z=4.6 vs. population median)
1003162637,Family Practice,TN,I,0.0118534794804801,1,51.86,High,1,1.856684986726134,0,unusually high total beneficiaries served (z=185.9 vs. population median); unusually high 5-year average total services (z=114.2 vs. population median); unusually high total services billed (z=113.6 vs. population median); unusually high total Medicare payment received (z=21.3 vs. population median); unusually high 5-year average total payment (z=20.6 vs. population median)
1003114539,Mass Immunizer Roster Biller,MN,O,0.011787877100316035,1,51.85,High,0,1.3563404779025148,0,unusually high multi-year payment trend (z=32.6 vs. population median); unusually low payment-to-charge-ratio deviation from specialty peers (z=-18.9 vs. population median); unusually high multi-year service-volume trend (z=13.7 vs. population median); unusually high payment-to-charge ratio (z=7.3 vs. population median); unusually high 5-year average payment-to-charge ratio (z=7.2 vs. population median)
1003147083,Mass Immunizer Roster Biller,PA,O,0.011715472562532359,1,51.83,High,0,1.239885392535739,0,unusually high payment-to-charge ratio (z=7.6 vs. population median); unusually high 5-year average payment-to-charge ratio (z=7.3 vs. population median); unusually low payment-to-charge-ratio deviation from specialty peers (z=-7.2 vs. population median); unusually high allowed-to-charge ratio (z=4.9 vs. population median); unusually low services-per-beneficiary deviation from specialty peers (z=-1.6 vs. population median)
1003158676,Mass Immunizer Roster Biller,IL,O,0.011250961567078721,1,51.72,High,0,1.2415683392832666,0,unusually high payment-to-charge ratio (z=7.9 vs. population median); unusually high 5-year average payment-to-charge ratio (z=7.5 vs. population median); unusually high allowed-to-charge ratio (z=5.1 vs. population median); unusually high total beneficiaries served (z=3.2 vs. population median); unusually high drug-payment-share deviation from specialty peers (z=2.5 vs. population median)
1003010794,General Surgery,CA,I,0.01096097239067706,1,51.65,High,0,1.2210681360705407,0,unusually high year-over-year service volume change (z=115.6 vs. population median); unusually high year-over-year beneficiary count change (z=109.8 vs. population median); unusually high year-over-year payment change (z=79.0 vs. population median); unusually high multi-year service-volume trend (z=57.6 vs. population median); unusually high multi-year payment trend (z=36.7 vs. population median)
1003089657,Mass Immunizer Roster Biller,GA,O,0.010894007759550961,1,51.63,High,0,1.0371137292185721,0,unusually high payment-to-charge ratio (z=7.9 vs. population median); unusually high 5-year average payment-to-charge ratio (z=7.6 vs. population median); unusually high allowed-to-charge ratio (z=5.1 vs. population median); unusually high year-over-year payment-per-service change (z=3.6 vs. population median); unusually low year-over-year service volume change (z=-3.1 vs. population median)
1003084021,Mass Immunizer Roster Biller,KS,O,0.01057832062071884,1,51.55,High,0,1.1712676519030576,0,unusually high multi-year payment trend (z=10.1 vs. population median); unusually high payment-to-charge ratio (z=7.9 vs. population median); unusually high 5-year average payment-to-charge ratio (z=7.3 vs. population median); unusually high allowed-to-charge ratio (z=5.1 vs. population median); unusually high multi-year service-volume trend (z=4.2 vs. population median)
1003118621,Mass Immunizer Roster Biller,PA,O,0.010392012611740387,1,51.51,High,0,1.231844952227617,0,unusually high year-over-year payment-per-service change (z=21.5 vs. population median); unusually high multi-year payment trend (z=10.4 vs. population median); unusually high payment-to-charge ratio (z=7.9 vs. population median); unusually high 5-year average payment-to-charge ratio (z=6.7 vs. population median); unusually high 5-year average total services (z=6.1 vs. population median)
1003007386,Centralized Flu,PA,O,0.00985742339782314,1,51.38,High,0,1.016450511208434,0,unusually low payment-to-charge-ratio deviation from specialty peers (z=-23.4 vs. population median); unusually high year-over-year payment-per-service change (z=10.8 vs. population median); unusually high payment-to-charge ratio (z=6.7 vs. population median); unusually high 5-year average payment-to-charge ratio (z=6.1 vs. population median); unusually high allowed-to-charge ratio (z=4.2 vs. population median)
1003112335,Centralized Flu,FL,O,0.008078982588338501,1,50.95,High,0,1.1275393554061766,0,unusually high year-over-year payment-per-service change (z=19.6 vs. population median); unusually high payment-to-charge ratio (z=7.7 vs. population median); unusually high 5-year average payment-to-charge ratio (z=6.2 vs. population median); unusually high allowed-to-charge ratio (z=4.9 vs. population median); unusually low year-over-year service volume change (z=-3.9 vs. population median)
1003024357,Mass Immunizer Roster Biller,NJ,O,0.007989318208588392,1,50.93,High,0,0.9921454350693135,0,unusually high year-over-year payment-per-service change (z=10.1 vs. population median); unusually high payment-to-charge ratio (z=7.9 vs. population median); unusually high 5-year average payment-to-charge ratio (z=7.6 vs. population median); unusually high 5-year average total services (z=5.2 vs. population median); unusually high allowed-to-charge ratio (z=5.1 vs. population median)
1003096322,Centralized Flu,TN,O,0.007535385642283399,1,50.82,High,0,0.9980292357386356,0,unusually high payment-to-charge ratio (z=7.6 vs. population median); unusually high 5-year average payment-to-charge ratio (z=7.1 vs. population median); unusually high allowed-to-charge ratio (z=4.9 vs. population median); unusually high year-over-year payment-per-service change (z=4.6 vs. population median); unusually high drug-payment-share deviation from specialty peers (z=4.3 vs. population median)
1003063355,Centralized Flu,TX,O,0.006629389634392191,1,50.6,High,0,1.0680993715001075,0,unusually high year-over-year payment-per-service change (z=16.5 vs. population median); unusually high payment-to-charge ratio (z=7.6 vs. population median); unusually high 5-year average payment-to-charge ratio (z=5.6 vs. population median); unusually high allowed-to-charge ratio (z=4.9 vs. population median); unusually low year-over-year service volume change (z=-3.6 vs. population median)
1003064106,Centralized Flu,TX,O,0.006386046047814675,1,50.55,High,0,1.0110918653687082,0,unusually high year-over-year payment-per-service change (z=8.0 vs. population median); unusually high payment-to-charge ratio (z=7.6 vs. population median); unusually high 5-year average payment-to-charge ratio (z=7.5 vs. population median); unusually high multi-year payment trend (z=6.7 vs. population median); unusually high allowed-to-charge ratio (z=4.9 vs. population median)
1003094798,Centralized Flu,PA,O,0.00634024982494541,1,50.54,High,0,1.25953416750455,0,unusually high multi-year payment trend (z=16.2 vs. population median); unusually high year-over-year payment-per-service change (z=8.8 vs. population median); unusually high payment-to-charge ratio (z=7.7 vs. population median); unusually high 5-year average payment-to-charge ratio (z=5.8 vs. population median); unusually high allowed-to-charge ratio (z=5.0 vs. population median)
1003103474,Ambulatory Surgical Center,OH,O,0.00540864867374069,1,50.31,High,0,1.304393896055768,0,unusually high submitted charge per service (z=155.9 vs. population median); unusually high payment per service (z=89.8 vs. population median); unusually high total submitted charges (z=67.8 vs. population median); unusually high 5-year average payment per service (z=51.5 vs. population median); unusually high total Medicare payment received (z=32.1 vs. population median)
1003036385,Mass Immunizer Roster Biller,CT,O,0.004858402922817806,1,50.18,High,0,1.0376782684549446,0,unusually high year-over-year payment-per-service change (z=14.9 vs. population median); unusually low payment-to-charge-ratio deviation from specialty peers (z=-14.0 vs. population median); unusually high payment-to-charge ratio (z=7.4 vs. population median); unusually high 5-year average payment-to-charge ratio (z=6.5 vs. population median); unusually high allowed-to-charge ratio (z=4.8 vs. population median)
1003162041,Mass Immunizer Roster Biller,NJ,O,0.004665248124079313,1,50.13,High,0,1.1428849856695025,0,unusually low payment-to-charge-ratio deviation from specialty peers (z=-10.1 vs. population median); unusually high payment-to-charge ratio (z=7.5 vs. population median); unusually high 5-year average payment-to-charge ratio (z=7.2 vs. population median); unusually high allowed-to-charge ratio (z=4.9 vs. population median); unusually high service-concentration deviation from specialty peers (z=2.1 vs. population median)
1003122870,Mass Immunizer Roster Biller,VA,O,0.0044753575900424725,1,50.09,High,0,0.9803509674129212,0,unusually high year-over-year payment-per-service change (z=8.8 vs. population median); unusually high payment-to-charge ratio (z=7.9 vs. population median); unusually high 5-year average payment-to-charge ratio (z=7.6 vs. population median); unusually high allowed-to-charge ratio (z=5.1 vs. population median); unusually low year-over-year service volume change (z=-2.8 vs. population median)
